dataset_slug	dataset	source_seed	source_config_id	best_epoch	val_rmse	selection_metric	checkpoint_path
cigs_mce	CIGS MCE	13	lpm_paper10_all_data_plus_tahoe_novartis_op3_seed13_molholdout_h100_2x_bs4096_200epoch_lustre	9	0.61785650	Validation RMSE dataset/CIGS MCE	/ictstr01/groups/ml01/workspace/artur.szalata/code/chem-perturbridge_lpm/.plib_cache/results/lpm_paper10_all_data_plus_tahoe_novartis_op3_seed13_molholdout_h100_2x_bs4096_200epoch_lustre/LPM_b347c04960ae595d/seed_13/checkpoints/epoch-epoch=0009.ckpt
cigs_tcm	CIGS TCM	13	lpm_paper10_all_data_plus_tahoe_novartis_op3_seed13_molholdout_h100_2x_bs4096_200epoch_lustre	40	0.40082476	Validation RMSE dataset/CIGS TCM	/ictstr01/groups/ml01/workspace/artur.szalata/code/chem-perturbridge_lpm/.plib_cache/results/lpm_paper10_all_data_plus_tahoe_novartis_op3_seed13_molholdout_h100_2x_bs4096_200epoch_lustre/LPM_b347c04960ae595d/seed_13/checkpoints/epoch-epoch=0040.ckpt
dilimap_train	dilimap_train	13	lpm_paper10_all_data_plus_tahoe_novartis_op3_seed13_molholdout_h100_2x_bs4096_200epoch_lustre	15	0.71761626	Validation RMSE	/ictstr01/groups/ml01/workspace/artur.szalata/code/chem-perturbridge_lpm/.plib_cache/results/lpm_paper10_all_data_plus_tahoe_novartis_op3_seed13_molholdout_h100_2x_bs4096_200epoch_lustre/LPM_b347c04960ae595d/seed_13/checkpoints/epoch-epoch=0015.ckpt
gdpx2	Ginkgo GDPx2	13	lpm_paper10_all_data_plus_tahoe_novartis_op3_seed13_molholdout_h100_2x_bs4096_200epoch_lustre	44	0.56862634	Validation RMSE dataset/Ginkgo GDPx2	/ictstr01/groups/ml01/workspace/artur.szalata/code/chem-perturbridge_lpm/.plib_cache/results/lpm_paper10_all_data_plus_tahoe_novartis_op3_seed13_molholdout_h100_2x_bs4096_200epoch_lustre/LPM_b347c04960ae595d/seed_13/checkpoints/epoch-epoch=0044.ckpt
lincs_phase1	LINCS_phase1_level3_epsilon	13	lpm_paper10_all_data_plus_tahoe_novartis_op3_seed13_molholdout_h100_2x_bs4096_200epoch_lustre	19	0.62115490	Validation RMSE dataset/LINCS_phase1_level3_epsilon	/ictstr01/groups/ml01/workspace/artur.szalata/code/chem-perturbridge_lpm/.plib_cache/results/lpm_paper10_all_data_plus_tahoe_novartis_op3_seed13_molholdout_h100_2x_bs4096_200epoch_lustre/LPM_b347c04960ae595d/seed_13/checkpoints/epoch-epoch=0019.ckpt
lincs_phase2	LINCS_phase2_level3	13	lpm_paper10_all_data_plus_tahoe_novartis_op3_seed13_molholdout_h100_2x_bs4096_200epoch_lustre	91	0.49545518	Validation RMSE dataset/LINCS_phase2_level3	/ictstr01/groups/ml01/workspace/artur.szalata/code/chem-perturbridge_lpm/.plib_cache/results/lpm_paper10_all_data_plus_tahoe_novartis_op3_seed13_molholdout_h100_2x_bs4096_200epoch_lustre/LPM_b347c04960ae595d/seed_13/checkpoints/epoch-epoch=0091.ckpt
novartis	Novartis MoABox DRUG-seq	13	lpm_paper10_all_data_plus_tahoe_novartis_op3_seed13_molholdout_h100_2x_bs4096_200epoch_lustre	1	0.69021779	Validation RMSE dataset/Novartis MoABox DRUG-seq	/ictstr01/groups/ml01/workspace/artur.szalata/code/chem-perturbridge_lpm/.plib_cache/results/lpm_paper10_all_data_plus_tahoe_novartis_op3_seed13_molholdout_h100_2x_bs4096_200epoch_lustre/LPM_b347c04960ae595d/seed_13/checkpoints/epoch-epoch=0001.ckpt
op3	op3	13	lpm_paper10_all_data_plus_tahoe_novartis_op3_seed13_molholdout_h100_2x_bs4096_200epoch_lustre	16	0.47592252	Validation RMSE dataset/op3	/ictstr01/groups/ml01/workspace/artur.szalata/code/chem-perturbridge_lpm/.plib_cache/results/lpm_paper10_all_data_plus_tahoe_novartis_op3_seed13_molholdout_h100_2x_bs4096_200epoch_lustre/LPM_b347c04960ae595d/seed_13/checkpoints/epoch-epoch=0016.ckpt
sciplex	srivatsan20_sciplex3	13	lpm_paper10_all_data_plus_tahoe_novartis_op3_seed13_molholdout_h100_2x_bs4096_200epoch_lustre	18	0.62694871	Validation RMSE dataset/srivatsan20_sciplex3	/ictstr01/groups/ml01/workspace/artur.szalata/code/chem-perturbridge_lpm/.plib_cache/results/lpm_paper10_all_data_plus_tahoe_novartis_op3_seed13_molholdout_h100_2x_bs4096_200epoch_lustre/LPM_b347c04960ae595d/seed_13/checkpoints/epoch-epoch=0018.ckpt
tahoe100	tahoe100	13	lpm_paper10_all_data_plus_tahoe_novartis_op3_seed13_molholdout_h100_2x_bs4096_200epoch_lustre	15	0.74411243	Validation RMSE dataset/tahoe100	/ictstr01/groups/ml01/workspace/artur.szalata/code/chem-perturbridge_lpm/.plib_cache/results/lpm_paper10_all_data_plus_tahoe_novartis_op3_seed13_molholdout_h100_2x_bs4096_200epoch_lustre/LPM_b347c04960ae595d/seed_13/checkpoints/epoch-epoch=0015.ckpt
vcpi_0001	Ginkgo VCPI vcpi-0001 (tvc-bhr-009)	13	lpm_paper10_all_data_plus_tahoe_novartis_op3_seed13_molholdout_h100_2x_bs4096_200epoch_lustre	160	0.55394250	Validation RMSE dataset/Ginkgo VCPI vcpi-0001 (tvc-bhr-009)	/ictstr01/groups/ml01/workspace/artur.szalata/code/chem-perturbridge_lpm/.plib_cache/results/lpm_paper10_all_data_plus_tahoe_novartis_op3_seed13_molholdout_h100_2x_bs4096_200epoch_lustre/LPM_b347c04960ae595d/seed_13/checkpoints/epoch-epoch=0160.ckpt
vcpi_0002	Ginkgo VCPI vcpi-0002 (tvc-kdl-010)	13	lpm_paper10_all_data_plus_tahoe_novartis_op3_seed13_molholdout_h100_2x_bs4096_200epoch_lustre	15	0.71761626	Validation RMSE	/ictstr01/groups/ml01/workspace/artur.szalata/code/chem-perturbridge_lpm/.plib_cache/results/lpm_paper10_all_data_plus_tahoe_novartis_op3_seed13_molholdout_h100_2x_bs4096_200epoch_lustre/LPM_b347c04960ae595d/seed_13/checkpoints/epoch-epoch=0015.ckpt
cigs_mce	CIGS MCE	17	lpm_paper10_all_data_plus_tahoe_novartis_op3_seed17_molholdout_h100_2x_bs4096_200epoch_lustre	4	0.61789012	Validation RMSE dataset/CIGS MCE	/ictstr01/groups/ml01/workspace/artur.szalata/code/chem-perturbridge_lpm/.plib_cache/results/lpm_paper10_all_data_plus_tahoe_novartis_op3_seed17_molholdout_h100_2x_bs4096_200epoch_lustre/LPM_b347c04960ae595d/seed_17/checkpoints/epoch-epoch=0004.ckpt
cigs_tcm	CIGS TCM	17	lpm_paper10_all_data_plus_tahoe_novartis_op3_seed17_molholdout_h100_2x_bs4096_200epoch_lustre	19	0.40080363	Validation RMSE dataset/CIGS TCM	/ictstr01/groups/ml01/workspace/artur.szalata/code/chem-perturbridge_lpm/.plib_cache/results/lpm_paper10_all_data_plus_tahoe_novartis_op3_seed17_molholdout_h100_2x_bs4096_200epoch_lustre/LPM_b347c04960ae595d/seed_17/checkpoints/epoch-epoch=0019.ckpt
dilimap_train	dilimap_train	17	lpm_paper10_all_data_plus_tahoe_novartis_op3_seed17_molholdout_h100_2x_bs4096_200epoch_lustre	5	0.71678537	Validation RMSE	/ictstr01/groups/ml01/workspace/artur.szalata/code/chem-perturbridge_lpm/.plib_cache/results/lpm_paper10_all_data_plus_tahoe_novartis_op3_seed17_molholdout_h100_2x_bs4096_200epoch_lustre/LPM_b347c04960ae595d/seed_17/checkpoints/epoch-epoch=0005.ckpt
gdpx2	Ginkgo GDPx2	17	lpm_paper10_all_data_plus_tahoe_novartis_op3_seed17_molholdout_h100_2x_bs4096_200epoch_lustre	82	0.55716372	Validation RMSE dataset/Ginkgo GDPx2	/ictstr01/groups/ml01/workspace/artur.szalata/code/chem-perturbridge_lpm/.plib_cache/results/lpm_paper10_all_data_plus_tahoe_novartis_op3_seed17_molholdout_h100_2x_bs4096_200epoch_lustre/LPM_b347c04960ae595d/seed_17/checkpoints/epoch-epoch=0082.ckpt
lincs_phase1	LINCS_phase1_level3_epsilon	17	lpm_paper10_all_data_plus_tahoe_novartis_op3_seed17_molholdout_h100_2x_bs4096_200epoch_lustre	26	0.61995167	Validation RMSE dataset/LINCS_phase1_level3_epsilon	/ictstr01/groups/ml01/workspace/artur.szalata/code/chem-perturbridge_lpm/.plib_cache/results/lpm_paper10_all_data_plus_tahoe_novartis_op3_seed17_molholdout_h100_2x_bs4096_200epoch_lustre/LPM_b347c04960ae595d/seed_17/checkpoints/epoch-epoch=0026.ckpt
lincs_phase2	LINCS_phase2_level3	17	lpm_paper10_all_data_plus_tahoe_novartis_op3_seed17_molholdout_h100_2x_bs4096_200epoch_lustre	180	0.49669978	Validation RMSE dataset/LINCS_phase2_level3	/ictstr01/groups/ml01/workspace/artur.szalata/code/chem-perturbridge_lpm/.plib_cache/results/lpm_paper10_all_data_plus_tahoe_novartis_op3_seed17_molholdout_h100_2x_bs4096_200epoch_lustre/LPM_b347c04960ae595d/seed_17/checkpoints/epoch-epoch=0180.ckpt
novartis	Novartis MoABox DRUG-seq	17	lpm_paper10_all_data_plus_tahoe_novartis_op3_seed17_molholdout_h100_2x_bs4096_200epoch_lustre	0	0.69026929	Validation RMSE dataset/Novartis MoABox DRUG-seq	/ictstr01/groups/ml01/workspace/artur.szalata/code/chem-perturbridge_lpm/.plib_cache/results/lpm_paper10_all_data_plus_tahoe_novartis_op3_seed17_molholdout_h100_2x_bs4096_200epoch_lustre/LPM_b347c04960ae595d/seed_17/checkpoints/epoch-epoch=0000.ckpt
op3	op3	17	lpm_paper10_all_data_plus_tahoe_novartis_op3_seed17_molholdout_h100_2x_bs4096_200epoch_lustre	19	0.47598809	Validation RMSE dataset/op3	/ictstr01/groups/ml01/workspace/artur.szalata/code/chem-perturbridge_lpm/.plib_cache/results/lpm_paper10_all_data_plus_tahoe_novartis_op3_seed17_molholdout_h100_2x_bs4096_200epoch_lustre/LPM_b347c04960ae595d/seed_17/checkpoints/epoch-epoch=0019.ckpt
sciplex	srivatsan20_sciplex3	17	lpm_paper10_all_data_plus_tahoe_novartis_op3_seed17_molholdout_h100_2x_bs4096_200epoch_lustre	196	0.62552601	Validation RMSE dataset/srivatsan20_sciplex3	/ictstr01/groups/ml01/workspace/artur.szalata/code/chem-perturbridge_lpm/.plib_cache/results/lpm_paper10_all_data_plus_tahoe_novartis_op3_seed17_molholdout_h100_2x_bs4096_200epoch_lustre/LPM_b347c04960ae595d/seed_17/checkpoints/epoch-epoch=0196.ckpt
tahoe100	tahoe100	17	lpm_paper10_all_data_plus_tahoe_novartis_op3_seed17_molholdout_h100_2x_bs4096_200epoch_lustre	6	0.74265885	Validation RMSE dataset/tahoe100	/ictstr01/groups/ml01/workspace/artur.szalata/code/chem-perturbridge_lpm/.plib_cache/results/lpm_paper10_all_data_plus_tahoe_novartis_op3_seed17_molholdout_h100_2x_bs4096_200epoch_lustre/LPM_b347c04960ae595d/seed_17/checkpoints/epoch-epoch=0006.ckpt
vcpi_0001	Ginkgo VCPI vcpi-0001 (tvc-bhr-009)	17	lpm_paper10_all_data_plus_tahoe_novartis_op3_seed17_molholdout_h100_2x_bs4096_200epoch_lustre	160	0.55394965	Validation RMSE dataset/Ginkgo VCPI vcpi-0001 (tvc-bhr-009)	/ictstr01/groups/ml01/workspace/artur.szalata/code/chem-perturbridge_lpm/.plib_cache/results/lpm_paper10_all_data_plus_tahoe_novartis_op3_seed17_molholdout_h100_2x_bs4096_200epoch_lustre/LPM_b347c04960ae595d/seed_17/checkpoints/epoch-epoch=0160.ckpt
vcpi_0002	Ginkgo VCPI vcpi-0002 (tvc-kdl-010)	17	lpm_paper10_all_data_plus_tahoe_novartis_op3_seed17_molholdout_h100_2x_bs4096_200epoch_lustre	5	0.71678537	Validation RMSE	/ictstr01/groups/ml01/workspace/artur.szalata/code/chem-perturbridge_lpm/.plib_cache/results/lpm_paper10_all_data_plus_tahoe_novartis_op3_seed17_molholdout_h100_2x_bs4096_200epoch_lustre/LPM_b347c04960ae595d/seed_17/checkpoints/epoch-epoch=0005.ckpt
cigs_mce	CIGS MCE	19	lpm_paper10_all_data_plus_tahoe_novartis_op3_seed19_molholdout_h100_2x_bs4096_200epoch_lustre	23	0.61672026	Validation RMSE dataset/CIGS MCE	/ictstr01/groups/ml01/workspace/artur.szalata/code/chem-perturbridge_lpm/.plib_cache/results/lpm_paper10_all_data_plus_tahoe_novartis_op3_seed19_molholdout_h100_2x_bs4096_200epoch_lustre/LPM_b347c04960ae595d/seed_19/checkpoints/epoch-epoch=0023.ckpt
cigs_tcm	CIGS TCM	19	lpm_paper10_all_data_plus_tahoe_novartis_op3_seed19_molholdout_h100_2x_bs4096_200epoch_lustre	18	0.40100235	Validation RMSE dataset/CIGS TCM	/ictstr01/groups/ml01/workspace/artur.szalata/code/chem-perturbridge_lpm/.plib_cache/results/lpm_paper10_all_data_plus_tahoe_novartis_op3_seed19_molholdout_h100_2x_bs4096_200epoch_lustre/LPM_b347c04960ae595d/seed_19/checkpoints/epoch-epoch=0018.ckpt
dilimap_train	dilimap_train	19	lpm_paper10_all_data_plus_tahoe_novartis_op3_seed19_molholdout_h100_2x_bs4096_200epoch_lustre	16	0.71557420	Validation RMSE	/ictstr01/groups/ml01/workspace/artur.szalata/code/chem-perturbridge_lpm/.plib_cache/results/lpm_paper10_all_data_plus_tahoe_novartis_op3_seed19_molholdout_h100_2x_bs4096_200epoch_lustre/LPM_b347c04960ae595d/seed_19/checkpoints/epoch-epoch=0016.ckpt
gdpx2	Ginkgo GDPx2	19	lpm_paper10_all_data_plus_tahoe_novartis_op3_seed19_molholdout_h100_2x_bs4096_200epoch_lustre	122	0.57001203	Validation RMSE dataset/Ginkgo GDPx2	/ictstr01/groups/ml01/workspace/artur.szalata/code/chem-perturbridge_lpm/.plib_cache/results/lpm_paper10_all_data_plus_tahoe_novartis_op3_seed19_molholdout_h100_2x_bs4096_200epoch_lustre/LPM_b347c04960ae595d/seed_19/checkpoints/epoch-epoch=0122.ckpt
lincs_phase1	LINCS_phase1_level3_epsilon	19	lpm_paper10_all_data_plus_tahoe_novartis_op3_seed19_molholdout_h100_2x_bs4096_200epoch_lustre	35	0.62037712	Validation RMSE dataset/LINCS_phase1_level3_epsilon	/ictstr01/groups/ml01/workspace/artur.szalata/code/chem-perturbridge_lpm/.plib_cache/results/lpm_paper10_all_data_plus_tahoe_novartis_op3_seed19_molholdout_h100_2x_bs4096_200epoch_lustre/LPM_b347c04960ae595d/seed_19/checkpoints/epoch-epoch=0035.ckpt
lincs_phase2	LINCS_phase2_level3	19	lpm_paper10_all_data_plus_tahoe_novartis_op3_seed19_molholdout_h100_2x_bs4096_200epoch_lustre	78	0.49533293	Validation RMSE dataset/LINCS_phase2_level3	/ictstr01/groups/ml01/workspace/artur.szalata/code/chem-perturbridge_lpm/.plib_cache/results/lpm_paper10_all_data_plus_tahoe_novartis_op3_seed19_molholdout_h100_2x_bs4096_200epoch_lustre/LPM_b347c04960ae595d/seed_19/checkpoints/epoch-epoch=0078.ckpt
novartis	Novartis MoABox DRUG-seq	19	lpm_paper10_all_data_plus_tahoe_novartis_op3_seed19_molholdout_h100_2x_bs4096_200epoch_lustre	1	0.68992805	Validation RMSE dataset/Novartis MoABox DRUG-seq	/ictstr01/groups/ml01/workspace/artur.szalata/code/chem-perturbridge_lpm/.plib_cache/results/lpm_paper10_all_data_plus_tahoe_novartis_op3_seed19_molholdout_h100_2x_bs4096_200epoch_lustre/LPM_b347c04960ae595d/seed_19/checkpoints/epoch-epoch=0001.ckpt
op3	op3	19	lpm_paper10_all_data_plus_tahoe_novartis_op3_seed19_molholdout_h100_2x_bs4096_200epoch_lustre	88	0.47442308	Validation RMSE dataset/op3	/ictstr01/groups/ml01/workspace/artur.szalata/code/chem-perturbridge_lpm/.plib_cache/results/lpm_paper10_all_data_plus_tahoe_novartis_op3_seed19_molholdout_h100_2x_bs4096_200epoch_lustre/LPM_b347c04960ae595d/seed_19/checkpoints/epoch-epoch=0088.ckpt
sciplex	srivatsan20_sciplex3	19	lpm_paper10_all_data_plus_tahoe_novartis_op3_seed19_molholdout_h100_2x_bs4096_200epoch_lustre	45	0.62462485	Validation RMSE dataset/srivatsan20_sciplex3	/ictstr01/groups/ml01/workspace/artur.szalata/code/chem-perturbridge_lpm/.plib_cache/results/lpm_paper10_all_data_plus_tahoe_novartis_op3_seed19_molholdout_h100_2x_bs4096_200epoch_lustre/LPM_b347c04960ae595d/seed_19/checkpoints/epoch-epoch=0045.ckpt
tahoe100	tahoe100	19	lpm_paper10_all_data_plus_tahoe_novartis_op3_seed19_molholdout_h100_2x_bs4096_200epoch_lustre	16	0.74146175	Validation RMSE dataset/tahoe100	/ictstr01/groups/ml01/workspace/artur.szalata/code/chem-perturbridge_lpm/.plib_cache/results/lpm_paper10_all_data_plus_tahoe_novartis_op3_seed19_molholdout_h100_2x_bs4096_200epoch_lustre/LPM_b347c04960ae595d/seed_19/checkpoints/epoch-epoch=0016.ckpt
vcpi_0001	Ginkgo VCPI vcpi-0001 (tvc-bhr-009)	19	lpm_paper10_all_data_plus_tahoe_novartis_op3_seed19_molholdout_h100_2x_bs4096_200epoch_lustre	160	0.55393755	Validation RMSE dataset/Ginkgo VCPI vcpi-0001 (tvc-bhr-009)	/ictstr01/groups/ml01/workspace/artur.szalata/code/chem-perturbridge_lpm/.plib_cache/results/lpm_paper10_all_data_plus_tahoe_novartis_op3_seed19_molholdout_h100_2x_bs4096_200epoch_lustre/LPM_b347c04960ae595d/seed_19/checkpoints/epoch-epoch=0160.ckpt
vcpi_0002	Ginkgo VCPI vcpi-0002 (tvc-kdl-010)	19	lpm_paper10_all_data_plus_tahoe_novartis_op3_seed19_molholdout_h100_2x_bs4096_200epoch_lustre	16	0.71557420	Validation RMSE	/ictstr01/groups/ml01/workspace/artur.szalata/code/chem-perturbridge_lpm/.plib_cache/results/lpm_paper10_all_data_plus_tahoe_novartis_op3_seed19_molholdout_h100_2x_bs4096_200epoch_lustre/LPM_b347c04960ae595d/seed_19/checkpoints/epoch-epoch=0016.ckpt
cigs_mce	CIGS MCE	23	lpm_paper10_all_data_plus_tahoe_novartis_op3_seed23_molholdout_h100_2x_bs4096_200epoch_lustre	13	0.61751884	Validation RMSE dataset/CIGS MCE	/ictstr01/groups/ml01/workspace/artur.szalata/code/chem-perturbridge_lpm/.plib_cache/results/lpm_paper10_all_data_plus_tahoe_novartis_op3_seed23_molholdout_h100_2x_bs4096_200epoch_lustre/LPM_b347c04960ae595d/seed_23/checkpoints/epoch-epoch=0013.ckpt
cigs_tcm	CIGS TCM	23	lpm_paper10_all_data_plus_tahoe_novartis_op3_seed23_molholdout_h100_2x_bs4096_200epoch_lustre	14	0.40066579	Validation RMSE dataset/CIGS TCM	/ictstr01/groups/ml01/workspace/artur.szalata/code/chem-perturbridge_lpm/.plib_cache/results/lpm_paper10_all_data_plus_tahoe_novartis_op3_seed23_molholdout_h100_2x_bs4096_200epoch_lustre/LPM_b347c04960ae595d/seed_23/checkpoints/epoch-epoch=0014.ckpt
dilimap_train	dilimap_train	23	lpm_paper10_all_data_plus_tahoe_novartis_op3_seed23_molholdout_h100_2x_bs4096_200epoch_lustre	1	0.71781635	Validation RMSE	/ictstr01/groups/ml01/workspace/artur.szalata/code/chem-perturbridge_lpm/.plib_cache/results/lpm_paper10_all_data_plus_tahoe_novartis_op3_seed23_molholdout_h100_2x_bs4096_200epoch_lustre/LPM_b347c04960ae595d/seed_23/checkpoints/epoch-epoch=0001.ckpt
gdpx2	Ginkgo GDPx2	23	lpm_paper10_all_data_plus_tahoe_novartis_op3_seed23_molholdout_h100_2x_bs4096_200epoch_lustre	26	0.57701457	Validation RMSE dataset/Ginkgo GDPx2	/ictstr01/groups/ml01/workspace/artur.szalata/code/chem-perturbridge_lpm/.plib_cache/results/lpm_paper10_all_data_plus_tahoe_novartis_op3_seed23_molholdout_h100_2x_bs4096_200epoch_lustre/LPM_b347c04960ae595d/seed_23/checkpoints/epoch-epoch=0026.ckpt
lincs_phase1	LINCS_phase1_level3_epsilon	23	lpm_paper10_all_data_plus_tahoe_novartis_op3_seed23_molholdout_h100_2x_bs4096_200epoch_lustre	28	0.62006778	Validation RMSE dataset/LINCS_phase1_level3_epsilon	/ictstr01/groups/ml01/workspace/artur.szalata/code/chem-perturbridge_lpm/.plib_cache/results/lpm_paper10_all_data_plus_tahoe_novartis_op3_seed23_molholdout_h100_2x_bs4096_200epoch_lustre/LPM_b347c04960ae595d/seed_23/checkpoints/epoch-epoch=0028.ckpt
lincs_phase2	LINCS_phase2_level3	23	lpm_paper10_all_data_plus_tahoe_novartis_op3_seed23_molholdout_h100_2x_bs4096_200epoch_lustre	28	0.49476275	Validation RMSE dataset/LINCS_phase2_level3	/ictstr01/groups/ml01/workspace/artur.szalata/code/chem-perturbridge_lpm/.plib_cache/results/lpm_paper10_all_data_plus_tahoe_novartis_op3_seed23_molholdout_h100_2x_bs4096_200epoch_lustre/LPM_b347c04960ae595d/seed_23/checkpoints/epoch-epoch=0028.ckpt
novartis	Novartis MoABox DRUG-seq	23	lpm_paper10_all_data_plus_tahoe_novartis_op3_seed23_molholdout_h100_2x_bs4096_200epoch_lustre	6	0.68946421	Validation RMSE dataset/Novartis MoABox DRUG-seq	/ictstr01/groups/ml01/workspace/artur.szalata/code/chem-perturbridge_lpm/.plib_cache/results/lpm_paper10_all_data_plus_tahoe_novartis_op3_seed23_molholdout_h100_2x_bs4096_200epoch_lustre/LPM_b347c04960ae595d/seed_23/checkpoints/epoch-epoch=0006.ckpt
op3	op3	23	lpm_paper10_all_data_plus_tahoe_novartis_op3_seed23_molholdout_h100_2x_bs4096_200epoch_lustre	13	0.47586602	Validation RMSE dataset/op3	/ictstr01/groups/ml01/workspace/artur.szalata/code/chem-perturbridge_lpm/.plib_cache/results/lpm_paper10_all_data_plus_tahoe_novartis_op3_seed23_molholdout_h100_2x_bs4096_200epoch_lustre/LPM_b347c04960ae595d/seed_23/checkpoints/epoch-epoch=0013.ckpt
sciplex	srivatsan20_sciplex3	23	lpm_paper10_all_data_plus_tahoe_novartis_op3_seed23_molholdout_h100_2x_bs4096_200epoch_lustre	26	0.62480700	Validation RMSE dataset/srivatsan20_sciplex3	/ictstr01/groups/ml01/workspace/artur.szalata/code/chem-perturbridge_lpm/.plib_cache/results/lpm_paper10_all_data_plus_tahoe_novartis_op3_seed23_molholdout_h100_2x_bs4096_200epoch_lustre/LPM_b347c04960ae595d/seed_23/checkpoints/epoch-epoch=0026.ckpt
tahoe100	tahoe100	23	lpm_paper10_all_data_plus_tahoe_novartis_op3_seed23_molholdout_h100_2x_bs4096_200epoch_lustre	1	0.74396640	Validation RMSE dataset/tahoe100	/ictstr01/groups/ml01/workspace/artur.szalata/code/chem-perturbridge_lpm/.plib_cache/results/lpm_paper10_all_data_plus_tahoe_novartis_op3_seed23_molholdout_h100_2x_bs4096_200epoch_lustre/LPM_b347c04960ae595d/seed_23/checkpoints/epoch-epoch=0001.ckpt
vcpi_0001	Ginkgo VCPI vcpi-0001 (tvc-bhr-009)	23	lpm_paper10_all_data_plus_tahoe_novartis_op3_seed23_molholdout_h100_2x_bs4096_200epoch_lustre	191	0.55394244	Validation RMSE dataset/Ginkgo VCPI vcpi-0001 (tvc-bhr-009)	/ictstr01/groups/ml01/workspace/artur.szalata/code/chem-perturbridge_lpm/.plib_cache/results/lpm_paper10_all_data_plus_tahoe_novartis_op3_seed23_molholdout_h100_2x_bs4096_200epoch_lustre/LPM_b347c04960ae595d/seed_23/checkpoints/epoch-epoch=0191.ckpt
vcpi_0002	Ginkgo VCPI vcpi-0002 (tvc-kdl-010)	23	lpm_paper10_all_data_plus_tahoe_novartis_op3_seed23_molholdout_h100_2x_bs4096_200epoch_lustre	1	0.71781635	Validation RMSE	/ictstr01/groups/ml01/workspace/artur.szalata/code/chem-perturbridge_lpm/.plib_cache/results/lpm_paper10_all_data_plus_tahoe_novartis_op3_seed23_molholdout_h100_2x_bs4096_200epoch_lustre/LPM_b347c04960ae595d/seed_23/checkpoints/epoch-epoch=0001.ckpt
cigs_mce	CIGS MCE	29	lpm_paper10_all_data_plus_tahoe_novartis_op3_seed29_molholdout_h100_2x_bs4096_200epoch_lustre	12	0.61798048	Validation RMSE dataset/CIGS MCE	/ictstr01/groups/ml01/workspace/artur.szalata/code/chem-perturbridge_lpm/.plib_cache/results/lpm_paper10_all_data_plus_tahoe_novartis_op3_seed29_molholdout_h100_2x_bs4096_200epoch_lustre/LPM_b347c04960ae595d/seed_29/checkpoints/epoch-epoch=0012.ckpt
cigs_tcm	CIGS TCM	29	lpm_paper10_all_data_plus_tahoe_novartis_op3_seed29_molholdout_h100_2x_bs4096_200epoch_lustre	22	0.40085179	Validation RMSE dataset/CIGS TCM	/ictstr01/groups/ml01/workspace/artur.szalata/code/chem-perturbridge_lpm/.plib_cache/results/lpm_paper10_all_data_plus_tahoe_novartis_op3_seed29_molholdout_h100_2x_bs4096_200epoch_lustre/LPM_b347c04960ae595d/seed_29/checkpoints/epoch-epoch=0022.ckpt
dilimap_train	dilimap_train	29	lpm_paper10_all_data_plus_tahoe_novartis_op3_seed29_molholdout_h100_2x_bs4096_200epoch_lustre	22	0.71754998	Validation RMSE	/ictstr01/groups/ml01/workspace/artur.szalata/code/chem-perturbridge_lpm/.plib_cache/results/lpm_paper10_all_data_plus_tahoe_novartis_op3_seed29_molholdout_h100_2x_bs4096_200epoch_lustre/LPM_b347c04960ae595d/seed_29/checkpoints/epoch-epoch=0022.ckpt
gdpx2	Ginkgo GDPx2	29	lpm_paper10_all_data_plus_tahoe_novartis_op3_seed29_molholdout_h100_2x_bs4096_200epoch_lustre	64	0.57610083	Validation RMSE dataset/Ginkgo GDPx2	/ictstr01/groups/ml01/workspace/artur.szalata/code/chem-perturbridge_lpm/.plib_cache/results/lpm_paper10_all_data_plus_tahoe_novartis_op3_seed29_molholdout_h100_2x_bs4096_200epoch_lustre/LPM_b347c04960ae595d/seed_29/checkpoints/epoch-epoch=0064.ckpt
lincs_phase1	LINCS_phase1_level3_epsilon	29	lpm_paper10_all_data_plus_tahoe_novartis_op3_seed29_molholdout_h100_2x_bs4096_200epoch_lustre	22	0.62302274	Validation RMSE dataset/LINCS_phase1_level3_epsilon	/ictstr01/groups/ml01/workspace/artur.szalata/code/chem-perturbridge_lpm/.plib_cache/results/lpm_paper10_all_data_plus_tahoe_novartis_op3_seed29_molholdout_h100_2x_bs4096_200epoch_lustre/LPM_b347c04960ae595d/seed_29/checkpoints/epoch-epoch=0022.ckpt
lincs_phase2	LINCS_phase2_level3	29	lpm_paper10_all_data_plus_tahoe_novartis_op3_seed29_molholdout_h100_2x_bs4096_200epoch_lustre	62	0.49473628	Validation RMSE dataset/LINCS_phase2_level3	/ictstr01/groups/ml01/workspace/artur.szalata/code/chem-perturbridge_lpm/.plib_cache/results/lpm_paper10_all_data_plus_tahoe_novartis_op3_seed29_molholdout_h100_2x_bs4096_200epoch_lustre/LPM_b347c04960ae595d/seed_29/checkpoints/epoch-epoch=0062.ckpt
novartis	Novartis MoABox DRUG-seq	29	lpm_paper10_all_data_plus_tahoe_novartis_op3_seed29_molholdout_h100_2x_bs4096_200epoch_lustre	1	0.68987787	Validation RMSE dataset/Novartis MoABox DRUG-seq	/ictstr01/groups/ml01/workspace/artur.szalata/code/chem-perturbridge_lpm/.plib_cache/results/lpm_paper10_all_data_plus_tahoe_novartis_op3_seed29_molholdout_h100_2x_bs4096_200epoch_lustre/LPM_b347c04960ae595d/seed_29/checkpoints/epoch-epoch=0001.ckpt
op3	op3	29	lpm_paper10_all_data_plus_tahoe_novartis_op3_seed29_molholdout_h100_2x_bs4096_200epoch_lustre	41	0.47557116	Validation RMSE dataset/op3	/ictstr01/groups/ml01/workspace/artur.szalata/code/chem-perturbridge_lpm/.plib_cache/results/lpm_paper10_all_data_plus_tahoe_novartis_op3_seed29_molholdout_h100_2x_bs4096_200epoch_lustre/LPM_b347c04960ae595d/seed_29/checkpoints/epoch-epoch=0041.ckpt
sciplex	srivatsan20_sciplex3	29	lpm_paper10_all_data_plus_tahoe_novartis_op3_seed29_molholdout_h100_2x_bs4096_200epoch_lustre	62	0.62707978	Validation RMSE dataset/srivatsan20_sciplex3	/ictstr01/groups/ml01/workspace/artur.szalata/code/chem-perturbridge_lpm/.plib_cache/results/lpm_paper10_all_data_plus_tahoe_novartis_op3_seed29_molholdout_h100_2x_bs4096_200epoch_lustre/LPM_b347c04960ae595d/seed_29/checkpoints/epoch-epoch=0062.ckpt
tahoe100	tahoe100	29	lpm_paper10_all_data_plus_tahoe_novartis_op3_seed29_molholdout_h100_2x_bs4096_200epoch_lustre	22	0.74413264	Validation RMSE dataset/tahoe100	/ictstr01/groups/ml01/workspace/artur.szalata/code/chem-perturbridge_lpm/.plib_cache/results/lpm_paper10_all_data_plus_tahoe_novartis_op3_seed29_molholdout_h100_2x_bs4096_200epoch_lustre/LPM_b347c04960ae595d/seed_29/checkpoints/epoch-epoch=0022.ckpt
vcpi_0001	Ginkgo VCPI vcpi-0001 (tvc-bhr-009)	29	lpm_paper10_all_data_plus_tahoe_novartis_op3_seed29_molholdout_h100_2x_bs4096_200epoch_lustre	160	0.55394804	Validation RMSE dataset/Ginkgo VCPI vcpi-0001 (tvc-bhr-009)	/ictstr01/groups/ml01/workspace/artur.szalata/code/chem-perturbridge_lpm/.plib_cache/results/lpm_paper10_all_data_plus_tahoe_novartis_op3_seed29_molholdout_h100_2x_bs4096_200epoch_lustre/LPM_b347c04960ae595d/seed_29/checkpoints/epoch-epoch=0160.ckpt
vcpi_0002	Ginkgo VCPI vcpi-0002 (tvc-kdl-010)	29	lpm_paper10_all_data_plus_tahoe_novartis_op3_seed29_molholdout_h100_2x_bs4096_200epoch_lustre	22	0.71754998	Validation RMSE	/ictstr01/groups/ml01/workspace/artur.szalata/code/chem-perturbridge_lpm/.plib_cache/results/lpm_paper10_all_data_plus_tahoe_novartis_op3_seed29_molholdout_h100_2x_bs4096_200epoch_lustre/LPM_b347c04960ae595d/seed_29/checkpoints/epoch-epoch=0022.ckpt
cigs_mce	CIGS MCE	31	lpm_paper10_all_data_plus_tahoe_novartis_op3_seed31_molholdout_h100_2x_bs4096_200epoch_lustre	7	0.61884475	Validation RMSE dataset/CIGS MCE	/ictstr01/groups/ml01/workspace/artur.szalata/code/chem-perturbridge_lpm/.plib_cache/results/lpm_paper10_all_data_plus_tahoe_novartis_op3_seed31_molholdout_h100_2x_bs4096_200epoch_lustre/LPM_b347c04960ae595d/seed_31/checkpoints/epoch-epoch=0007.ckpt
cigs_tcm	CIGS TCM	31	lpm_paper10_all_data_plus_tahoe_novartis_op3_seed31_molholdout_h100_2x_bs4096_200epoch_lustre	6	0.40093240	Validation RMSE dataset/CIGS TCM	/ictstr01/groups/ml01/workspace/artur.szalata/code/chem-perturbridge_lpm/.plib_cache/results/lpm_paper10_all_data_plus_tahoe_novartis_op3_seed31_molholdout_h100_2x_bs4096_200epoch_lustre/LPM_b347c04960ae595d/seed_31/checkpoints/epoch-epoch=0006.ckpt
dilimap_train	dilimap_train	31	lpm_paper10_all_data_plus_tahoe_novartis_op3_seed31_molholdout_h100_2x_bs4096_200epoch_lustre	18	0.71692383	Validation RMSE	/ictstr01/groups/ml01/workspace/artur.szalata/code/chem-perturbridge_lpm/.plib_cache/results/lpm_paper10_all_data_plus_tahoe_novartis_op3_seed31_molholdout_h100_2x_bs4096_200epoch_lustre/LPM_b347c04960ae595d/seed_31/checkpoints/epoch-epoch=0018.ckpt
gdpx2	Ginkgo GDPx2	31	lpm_paper10_all_data_plus_tahoe_novartis_op3_seed31_molholdout_h100_2x_bs4096_200epoch_lustre	40	0.56808227	Validation RMSE dataset/Ginkgo GDPx2	/ictstr01/groups/ml01/workspace/artur.szalata/code/chem-perturbridge_lpm/.plib_cache/results/lpm_paper10_all_data_plus_tahoe_novartis_op3_seed31_molholdout_h100_2x_bs4096_200epoch_lustre/LPM_b347c04960ae595d/seed_31/checkpoints/epoch-epoch=0040.ckpt
lincs_phase1	LINCS_phase1_level3_epsilon	31	lpm_paper10_all_data_plus_tahoe_novartis_op3_seed31_molholdout_h100_2x_bs4096_200epoch_lustre	26	0.61863220	Validation RMSE dataset/LINCS_phase1_level3_epsilon	/ictstr01/groups/ml01/workspace/artur.szalata/code/chem-perturbridge_lpm/.plib_cache/results/lpm_paper10_all_data_plus_tahoe_novartis_op3_seed31_molholdout_h100_2x_bs4096_200epoch_lustre/LPM_b347c04960ae595d/seed_31/checkpoints/epoch-epoch=0026.ckpt
lincs_phase2	LINCS_phase2_level3	31	lpm_paper10_all_data_plus_tahoe_novartis_op3_seed31_molholdout_h100_2x_bs4096_200epoch_lustre	95	0.49637830	Validation RMSE dataset/LINCS_phase2_level3	/ictstr01/groups/ml01/workspace/artur.szalata/code/chem-perturbridge_lpm/.plib_cache/results/lpm_paper10_all_data_plus_tahoe_novartis_op3_seed31_molholdout_h100_2x_bs4096_200epoch_lustre/LPM_b347c04960ae595d/seed_31/checkpoints/epoch-epoch=0095.ckpt
novartis	Novartis MoABox DRUG-seq	31	lpm_paper10_all_data_plus_tahoe_novartis_op3_seed31_molholdout_h100_2x_bs4096_200epoch_lustre	6	0.68930405	Validation RMSE dataset/Novartis MoABox DRUG-seq	/ictstr01/groups/ml01/workspace/artur.szalata/code/chem-perturbridge_lpm/.plib_cache/results/lpm_paper10_all_data_plus_tahoe_novartis_op3_seed31_molholdout_h100_2x_bs4096_200epoch_lustre/LPM_b347c04960ae595d/seed_31/checkpoints/epoch-epoch=0006.ckpt
op3	op3	31	lpm_paper10_all_data_plus_tahoe_novartis_op3_seed31_molholdout_h100_2x_bs4096_200epoch_lustre	18	0.47612819	Validation RMSE dataset/op3	/ictstr01/groups/ml01/workspace/artur.szalata/code/chem-perturbridge_lpm/.plib_cache/results/lpm_paper10_all_data_plus_tahoe_novartis_op3_seed31_molholdout_h100_2x_bs4096_200epoch_lustre/LPM_b347c04960ae595d/seed_31/checkpoints/epoch-epoch=0018.ckpt
sciplex	srivatsan20_sciplex3	31	lpm_paper10_all_data_plus_tahoe_novartis_op3_seed31_molholdout_h100_2x_bs4096_200epoch_lustre	22	0.62289286	Validation RMSE dataset/srivatsan20_sciplex3	/ictstr01/groups/ml01/workspace/artur.szalata/code/chem-perturbridge_lpm/.plib_cache/results/lpm_paper10_all_data_plus_tahoe_novartis_op3_seed31_molholdout_h100_2x_bs4096_200epoch_lustre/LPM_b347c04960ae595d/seed_31/checkpoints/epoch-epoch=0022.ckpt
tahoe100	tahoe100	31	lpm_paper10_all_data_plus_tahoe_novartis_op3_seed31_molholdout_h100_2x_bs4096_200epoch_lustre	1	0.74325722	Validation RMSE dataset/tahoe100	/ictstr01/groups/ml01/workspace/artur.szalata/code/chem-perturbridge_lpm/.plib_cache/results/lpm_paper10_all_data_plus_tahoe_novartis_op3_seed31_molholdout_h100_2x_bs4096_200epoch_lustre/LPM_b347c04960ae595d/seed_31/checkpoints/epoch-epoch=0001.ckpt
vcpi_0001	Ginkgo VCPI vcpi-0001 (tvc-bhr-009)	31	lpm_paper10_all_data_plus_tahoe_novartis_op3_seed31_molholdout_h100_2x_bs4096_200epoch_lustre	124	0.55394536	Validation RMSE dataset/Ginkgo VCPI vcpi-0001 (tvc-bhr-009)	/ictstr01/groups/ml01/workspace/artur.szalata/code/chem-perturbridge_lpm/.plib_cache/results/lpm_paper10_all_data_plus_tahoe_novartis_op3_seed31_molholdout_h100_2x_bs4096_200epoch_lustre/LPM_b347c04960ae595d/seed_31/checkpoints/epoch-epoch=0124.ckpt
vcpi_0002	Ginkgo VCPI vcpi-0002 (tvc-kdl-010)	31	lpm_paper10_all_data_plus_tahoe_novartis_op3_seed31_molholdout_h100_2x_bs4096_200epoch_lustre	18	0.71692383	Validation RMSE	/ictstr01/groups/ml01/workspace/artur.szalata/code/chem-perturbridge_lpm/.plib_cache/results/lpm_paper10_all_data_plus_tahoe_novartis_op3_seed31_molholdout_h100_2x_bs4096_200epoch_lustre/LPM_b347c04960ae595d/seed_31/checkpoints/epoch-epoch=0018.ckpt
cigs_mce	CIGS MCE	37	lpm_paper10_all_data_plus_tahoe_novartis_op3_seed37_molholdout_h100_2x_bs4096_200epoch_lustre	9	0.61798710	Validation RMSE dataset/CIGS MCE	/ictstr01/groups/ml01/workspace/artur.szalata/code/chem-perturbridge_lpm/.plib_cache/results/lpm_paper10_all_data_plus_tahoe_novartis_op3_seed37_molholdout_h100_2x_bs4096_200epoch_lustre/LPM_b347c04960ae595d/seed_37/checkpoints/epoch-epoch=0009.ckpt
cigs_tcm	CIGS TCM	37	lpm_paper10_all_data_plus_tahoe_novartis_op3_seed37_molholdout_h100_2x_bs4096_200epoch_lustre	6	0.40076661	Validation RMSE dataset/CIGS TCM	/ictstr01/groups/ml01/workspace/artur.szalata/code/chem-perturbridge_lpm/.plib_cache/results/lpm_paper10_all_data_plus_tahoe_novartis_op3_seed37_molholdout_h100_2x_bs4096_200epoch_lustre/LPM_b347c04960ae595d/seed_37/checkpoints/epoch-epoch=0006.ckpt
dilimap_train	dilimap_train	37	lpm_paper10_all_data_plus_tahoe_novartis_op3_seed37_molholdout_h100_2x_bs4096_200epoch_lustre	24	0.71557069	Validation RMSE	/ictstr01/groups/ml01/workspace/artur.szalata/code/chem-perturbridge_lpm/.plib_cache/results/lpm_paper10_all_data_plus_tahoe_novartis_op3_seed37_molholdout_h100_2x_bs4096_200epoch_lustre/LPM_b347c04960ae595d/seed_37/checkpoints/epoch-epoch=0024.ckpt
gdpx2	Ginkgo GDPx2	37	lpm_paper10_all_data_plus_tahoe_novartis_op3_seed37_molholdout_h100_2x_bs4096_200epoch_lustre	197	0.56830448	Validation RMSE dataset/Ginkgo GDPx2	/ictstr01/groups/ml01/workspace/artur.szalata/code/chem-perturbridge_lpm/.plib_cache/results/lpm_paper10_all_data_plus_tahoe_novartis_op3_seed37_molholdout_h100_2x_bs4096_200epoch_lustre/LPM_b347c04960ae595d/seed_37/checkpoints/epoch-epoch=0197.ckpt
lincs_phase1	LINCS_phase1_level3_epsilon	37	lpm_paper10_all_data_plus_tahoe_novartis_op3_seed37_molholdout_h100_2x_bs4096_200epoch_lustre	21	0.62093151	Validation RMSE dataset/LINCS_phase1_level3_epsilon	/ictstr01/groups/ml01/workspace/artur.szalata/code/chem-perturbridge_lpm/.plib_cache/results/lpm_paper10_all_data_plus_tahoe_novartis_op3_seed37_molholdout_h100_2x_bs4096_200epoch_lustre/LPM_b347c04960ae595d/seed_37/checkpoints/epoch-epoch=0021.ckpt
lincs_phase2	LINCS_phase2_level3	37	lpm_paper10_all_data_plus_tahoe_novartis_op3_seed37_molholdout_h100_2x_bs4096_200epoch_lustre	52	0.49503440	Validation RMSE dataset/LINCS_phase2_level3	/ictstr01/groups/ml01/workspace/artur.szalata/code/chem-perturbridge_lpm/.plib_cache/results/lpm_paper10_all_data_plus_tahoe_novartis_op3_seed37_molholdout_h100_2x_bs4096_200epoch_lustre/LPM_b347c04960ae595d/seed_37/checkpoints/epoch-epoch=0052.ckpt
novartis	Novartis MoABox DRUG-seq	37	lpm_paper10_all_data_plus_tahoe_novartis_op3_seed37_molholdout_h100_2x_bs4096_200epoch_lustre	0	0.69002366	Validation RMSE dataset/Novartis MoABox DRUG-seq	/ictstr01/groups/ml01/workspace/artur.szalata/code/chem-perturbridge_lpm/.plib_cache/results/lpm_paper10_all_data_plus_tahoe_novartis_op3_seed37_molholdout_h100_2x_bs4096_200epoch_lustre/LPM_b347c04960ae595d/seed_37/checkpoints/epoch-epoch=0000.ckpt
op3	op3	37	lpm_paper10_all_data_plus_tahoe_novartis_op3_seed37_molholdout_h100_2x_bs4096_200epoch_lustre	89	0.47597712	Validation RMSE dataset/op3	/ictstr01/groups/ml01/workspace/artur.szalata/code/chem-perturbridge_lpm/.plib_cache/results/lpm_paper10_all_data_plus_tahoe_novartis_op3_seed37_molholdout_h100_2x_bs4096_200epoch_lustre/LPM_b347c04960ae595d/seed_37/checkpoints/epoch-epoch=0089.ckpt
sciplex	srivatsan20_sciplex3	37	lpm_paper10_all_data_plus_tahoe_novartis_op3_seed37_molholdout_h100_2x_bs4096_200epoch_lustre	27	0.62418890	Validation RMSE dataset/srivatsan20_sciplex3	/ictstr01/groups/ml01/workspace/artur.szalata/code/chem-perturbridge_lpm/.plib_cache/results/lpm_paper10_all_data_plus_tahoe_novartis_op3_seed37_molholdout_h100_2x_bs4096_200epoch_lustre/LPM_b347c04960ae595d/seed_37/checkpoints/epoch-epoch=0027.ckpt
tahoe100	tahoe100	37	lpm_paper10_all_data_plus_tahoe_novartis_op3_seed37_molholdout_h100_2x_bs4096_200epoch_lustre	24	0.74135339	Validation RMSE dataset/tahoe100	/ictstr01/groups/ml01/workspace/artur.szalata/code/chem-perturbridge_lpm/.plib_cache/results/lpm_paper10_all_data_plus_tahoe_novartis_op3_seed37_molholdout_h100_2x_bs4096_200epoch_lustre/LPM_b347c04960ae595d/seed_37/checkpoints/epoch-epoch=0024.ckpt
vcpi_0001	Ginkgo VCPI vcpi-0001 (tvc-bhr-009)	37	lpm_paper10_all_data_plus_tahoe_novartis_op3_seed37_molholdout_h100_2x_bs4096_200epoch_lustre	124	0.55394399	Validation RMSE dataset/Ginkgo VCPI vcpi-0001 (tvc-bhr-009)	/ictstr01/groups/ml01/workspace/artur.szalata/code/chem-perturbridge_lpm/.plib_cache/results/lpm_paper10_all_data_plus_tahoe_novartis_op3_seed37_molholdout_h100_2x_bs4096_200epoch_lustre/LPM_b347c04960ae595d/seed_37/checkpoints/epoch-epoch=0124.ckpt
vcpi_0002	Ginkgo VCPI vcpi-0002 (tvc-kdl-010)	37	lpm_paper10_all_data_plus_tahoe_novartis_op3_seed37_molholdout_h100_2x_bs4096_200epoch_lustre	24	0.71557069	Validation RMSE	/ictstr01/groups/ml01/workspace/artur.szalata/code/chem-perturbridge_lpm/.plib_cache/results/lpm_paper10_all_data_plus_tahoe_novartis_op3_seed37_molholdout_h100_2x_bs4096_200epoch_lustre/LPM_b347c04960ae595d/seed_37/checkpoints/epoch-epoch=0024.ckpt
cigs_mce	CIGS MCE	41	lpm_paper10_all_data_plus_tahoe_novartis_op3_seed41_molholdout_h100_2x_bs4096_200epoch_lustre	16	0.61793995	Validation RMSE dataset/CIGS MCE	/ictstr01/groups/ml01/workspace/artur.szalata/code/chem-perturbridge_lpm/.plib_cache/results/lpm_paper10_all_data_plus_tahoe_novartis_op3_seed41_molholdout_h100_2x_bs4096_200epoch_lustre/LPM_b347c04960ae595d/seed_41/checkpoints/epoch-epoch=0016.ckpt
cigs_tcm	CIGS TCM	41	lpm_paper10_all_data_plus_tahoe_novartis_op3_seed41_molholdout_h100_2x_bs4096_200epoch_lustre	25	0.40085101	Validation RMSE dataset/CIGS TCM	/ictstr01/groups/ml01/workspace/artur.szalata/code/chem-perturbridge_lpm/.plib_cache/results/lpm_paper10_all_data_plus_tahoe_novartis_op3_seed41_molholdout_h100_2x_bs4096_200epoch_lustre/LPM_b347c04960ae595d/seed_41/checkpoints/epoch-epoch=0025.ckpt
dilimap_train	dilimap_train	41	lpm_paper10_all_data_plus_tahoe_novartis_op3_seed41_molholdout_h100_2x_bs4096_200epoch_lustre	6	0.71552366	Validation RMSE	/ictstr01/groups/ml01/workspace/artur.szalata/code/chem-perturbridge_lpm/.plib_cache/results/lpm_paper10_all_data_plus_tahoe_novartis_op3_seed41_molholdout_h100_2x_bs4096_200epoch_lustre/LPM_b347c04960ae595d/seed_41/checkpoints/epoch-epoch=0006.ckpt
gdpx2	Ginkgo GDPx2	41	lpm_paper10_all_data_plus_tahoe_novartis_op3_seed41_molholdout_h100_2x_bs4096_200epoch_lustre	38	0.57501954	Validation RMSE dataset/Ginkgo GDPx2	/ictstr01/groups/ml01/workspace/artur.szalata/code/chem-perturbridge_lpm/.plib_cache/results/lpm_paper10_all_data_plus_tahoe_novartis_op3_seed41_molholdout_h100_2x_bs4096_200epoch_lustre/LPM_b347c04960ae595d/seed_41/checkpoints/epoch-epoch=0038.ckpt
lincs_phase1	LINCS_phase1_level3_epsilon	41	lpm_paper10_all_data_plus_tahoe_novartis_op3_seed41_molholdout_h100_2x_bs4096_200epoch_lustre	25	0.61780924	Validation RMSE dataset/LINCS_phase1_level3_epsilon	/ictstr01/groups/ml01/workspace/artur.szalata/code/chem-perturbridge_lpm/.plib_cache/results/lpm_paper10_all_data_plus_tahoe_novartis_op3_seed41_molholdout_h100_2x_bs4096_200epoch_lustre/LPM_b347c04960ae595d/seed_41/checkpoints/epoch-epoch=0025.ckpt
lincs_phase2	LINCS_phase2_level3	41	lpm_paper10_all_data_plus_tahoe_novartis_op3_seed41_molholdout_h100_2x_bs4096_200epoch_lustre	82	0.49586731	Validation RMSE dataset/LINCS_phase2_level3	/ictstr01/groups/ml01/workspace/artur.szalata/code/chem-perturbridge_lpm/.plib_cache/results/lpm_paper10_all_data_plus_tahoe_novartis_op3_seed41_molholdout_h100_2x_bs4096_200epoch_lustre/LPM_b347c04960ae595d/seed_41/checkpoints/epoch-epoch=0082.ckpt
novartis	Novartis MoABox DRUG-seq	41	lpm_paper10_all_data_plus_tahoe_novartis_op3_seed41_molholdout_h100_2x_bs4096_200epoch_lustre	18	0.68951392	Validation RMSE dataset/Novartis MoABox DRUG-seq	/ictstr01/groups/ml01/workspace/artur.szalata/code/chem-perturbridge_lpm/.plib_cache/results/lpm_paper10_all_data_plus_tahoe_novartis_op3_seed41_molholdout_h100_2x_bs4096_200epoch_lustre/LPM_b347c04960ae595d/seed_41/checkpoints/epoch-epoch=0018.ckpt
op3	op3	41	lpm_paper10_all_data_plus_tahoe_novartis_op3_seed41_molholdout_h100_2x_bs4096_200epoch_lustre	57	0.47622815	Validation RMSE dataset/op3	/ictstr01/groups/ml01/workspace/artur.szalata/code/chem-perturbridge_lpm/.plib_cache/results/lpm_paper10_all_data_plus_tahoe_novartis_op3_seed41_molholdout_h100_2x_bs4096_200epoch_lustre/LPM_b347c04960ae595d/seed_41/checkpoints/epoch-epoch=0057.ckpt
sciplex	srivatsan20_sciplex3	41	lpm_paper10_all_data_plus_tahoe_novartis_op3_seed41_molholdout_h100_2x_bs4096_200epoch_lustre	23	0.62378037	Validation RMSE dataset/srivatsan20_sciplex3	/ictstr01/groups/ml01/workspace/artur.szalata/code/chem-perturbridge_lpm/.plib_cache/results/lpm_paper10_all_data_plus_tahoe_novartis_op3_seed41_molholdout_h100_2x_bs4096_200epoch_lustre/LPM_b347c04960ae595d/seed_41/checkpoints/epoch-epoch=0023.ckpt
tahoe100	tahoe100	41	lpm_paper10_all_data_plus_tahoe_novartis_op3_seed41_molholdout_h100_2x_bs4096_200epoch_lustre	6	0.74146926	Validation RMSE dataset/tahoe100	/ictstr01/groups/ml01/workspace/artur.szalata/code/chem-perturbridge_lpm/.plib_cache/results/lpm_paper10_all_data_plus_tahoe_novartis_op3_seed41_molholdout_h100_2x_bs4096_200epoch_lustre/LPM_b347c04960ae595d/seed_41/checkpoints/epoch-epoch=0006.ckpt
vcpi_0001	Ginkgo VCPI vcpi-0001 (tvc-bhr-009)	41	lpm_paper10_all_data_plus_tahoe_novartis_op3_seed41_molholdout_h100_2x_bs4096_200epoch_lustre	124	0.55394393	Validation RMSE dataset/Ginkgo VCPI vcpi-0001 (tvc-bhr-009)	/ictstr01/groups/ml01/workspace/artur.szalata/code/chem-perturbridge_lpm/.plib_cache/results/lpm_paper10_all_data_plus_tahoe_novartis_op3_seed41_molholdout_h100_2x_bs4096_200epoch_lustre/LPM_b347c04960ae595d/seed_41/checkpoints/epoch-epoch=0124.ckpt
vcpi_0002	Ginkgo VCPI vcpi-0002 (tvc-kdl-010)	41	lpm_paper10_all_data_plus_tahoe_novartis_op3_seed41_molholdout_h100_2x_bs4096_200epoch_lustre	6	0.71552366	Validation RMSE	/ictstr01/groups/ml01/workspace/artur.szalata/code/chem-perturbridge_lpm/.plib_cache/results/lpm_paper10_all_data_plus_tahoe_novartis_op3_seed41_molholdout_h100_2x_bs4096_200epoch_lustre/LPM_b347c04960ae595d/seed_41/checkpoints/epoch-epoch=0006.ckpt
cigs_mce	CIGS MCE	43	lpm_paper10_all_data_plus_tahoe_novartis_op3_seed43_molholdout_h100_2x_bs4096_200epoch_lustre	12	0.61807424	Validation RMSE dataset/CIGS MCE	/ictstr01/groups/ml01/workspace/artur.szalata/code/chem-perturbridge_lpm/.plib_cache/results/lpm_paper10_all_data_plus_tahoe_novartis_op3_seed43_molholdout_h100_2x_bs4096_200epoch_lustre/LPM_b347c04960ae595d/seed_43/checkpoints/epoch-epoch=0012.ckpt
cigs_tcm	CIGS TCM	43	lpm_paper10_all_data_plus_tahoe_novartis_op3_seed43_molholdout_h100_2x_bs4096_200epoch_lustre	16	0.40086329	Validation RMSE dataset/CIGS TCM	/ictstr01/groups/ml01/workspace/artur.szalata/code/chem-perturbridge_lpm/.plib_cache/results/lpm_paper10_all_data_plus_tahoe_novartis_op3_seed43_molholdout_h100_2x_bs4096_200epoch_lustre/LPM_b347c04960ae595d/seed_43/checkpoints/epoch-epoch=0016.ckpt
dilimap_train	dilimap_train	43	lpm_paper10_all_data_plus_tahoe_novartis_op3_seed43_molholdout_h100_2x_bs4096_200epoch_lustre	6	0.71609539	Validation RMSE	/ictstr01/groups/ml01/workspace/artur.szalata/code/chem-perturbridge_lpm/.plib_cache/results/lpm_paper10_all_data_plus_tahoe_novartis_op3_seed43_molholdout_h100_2x_bs4096_200epoch_lustre/LPM_b347c04960ae595d/seed_43/checkpoints/epoch-epoch=0006.ckpt
gdpx2	Ginkgo GDPx2	43	lpm_paper10_all_data_plus_tahoe_novartis_op3_seed43_molholdout_h100_2x_bs4096_200epoch_lustre	117	0.57441872	Validation RMSE dataset/Ginkgo GDPx2	/ictstr01/groups/ml01/workspace/artur.szalata/code/chem-perturbridge_lpm/.plib_cache/results/lpm_paper10_all_data_plus_tahoe_novartis_op3_seed43_molholdout_h100_2x_bs4096_200epoch_lustre/LPM_b347c04960ae595d/seed_43/checkpoints/epoch-epoch=0117.ckpt
lincs_phase1	LINCS_phase1_level3_epsilon	43	lpm_paper10_all_data_plus_tahoe_novartis_op3_seed43_molholdout_h100_2x_bs4096_200epoch_lustre	21	0.61928916	Validation RMSE dataset/LINCS_phase1_level3_epsilon	/ictstr01/groups/ml01/workspace/artur.szalata/code/chem-perturbridge_lpm/.plib_cache/results/lpm_paper10_all_data_plus_tahoe_novartis_op3_seed43_molholdout_h100_2x_bs4096_200epoch_lustre/LPM_b347c04960ae595d/seed_43/checkpoints/epoch-epoch=0021.ckpt
lincs_phase2	LINCS_phase2_level3	43	lpm_paper10_all_data_plus_tahoe_novartis_op3_seed43_molholdout_h100_2x_bs4096_200epoch_lustre	43	0.49535444	Validation RMSE dataset/LINCS_phase2_level3	/ictstr01/groups/ml01/workspace/artur.szalata/code/chem-perturbridge_lpm/.plib_cache/results/lpm_paper10_all_data_plus_tahoe_novartis_op3_seed43_molholdout_h100_2x_bs4096_200epoch_lustre/LPM_b347c04960ae595d/seed_43/checkpoints/epoch-epoch=0043.ckpt
novartis	Novartis MoABox DRUG-seq	43	lpm_paper10_all_data_plus_tahoe_novartis_op3_seed43_molholdout_h100_2x_bs4096_200epoch_lustre	1	0.68967152	Validation RMSE dataset/Novartis MoABox DRUG-seq	/ictstr01/groups/ml01/workspace/artur.szalata/code/chem-perturbridge_lpm/.plib_cache/results/lpm_paper10_all_data_plus_tahoe_novartis_op3_seed43_molholdout_h100_2x_bs4096_200epoch_lustre/LPM_b347c04960ae595d/seed_43/checkpoints/epoch-epoch=0001.ckpt
op3	op3	43	lpm_paper10_all_data_plus_tahoe_novartis_op3_seed43_molholdout_h100_2x_bs4096_200epoch_lustre	3	0.47641996	Validation RMSE dataset/op3	/ictstr01/groups/ml01/workspace/artur.szalata/code/chem-perturbridge_lpm/.plib_cache/results/lpm_paper10_all_data_plus_tahoe_novartis_op3_seed43_molholdout_h100_2x_bs4096_200epoch_lustre/LPM_b347c04960ae595d/seed_43/checkpoints/epoch-epoch=0003.ckpt
sciplex	srivatsan20_sciplex3	43	lpm_paper10_all_data_plus_tahoe_novartis_op3_seed43_molholdout_h100_2x_bs4096_200epoch_lustre	101	0.62354970	Validation RMSE dataset/srivatsan20_sciplex3	/ictstr01/groups/ml01/workspace/artur.szalata/code/chem-perturbridge_lpm/.plib_cache/results/lpm_paper10_all_data_plus_tahoe_novartis_op3_seed43_molholdout_h100_2x_bs4096_200epoch_lustre/LPM_b347c04960ae595d/seed_43/checkpoints/epoch-epoch=0101.ckpt
tahoe100	tahoe100	43	lpm_paper10_all_data_plus_tahoe_novartis_op3_seed43_molholdout_h100_2x_bs4096_200epoch_lustre	6	0.74217236	Validation RMSE dataset/tahoe100	/ictstr01/groups/ml01/workspace/artur.szalata/code/chem-perturbridge_lpm/.plib_cache/results/lpm_paper10_all_data_plus_tahoe_novartis_op3_seed43_molholdout_h100_2x_bs4096_200epoch_lustre/LPM_b347c04960ae595d/seed_43/checkpoints/epoch-epoch=0006.ckpt
vcpi_0001	Ginkgo VCPI vcpi-0001 (tvc-bhr-009)	43	lpm_paper10_all_data_plus_tahoe_novartis_op3_seed43_molholdout_h100_2x_bs4096_200epoch_lustre	65	0.55366993	Validation RMSE dataset/Ginkgo VCPI vcpi-0001 (tvc-bhr-009)	/ictstr01/groups/ml01/workspace/artur.szalata/code/chem-perturbridge_lpm/.plib_cache/results/lpm_paper10_all_data_plus_tahoe_novartis_op3_seed43_molholdout_h100_2x_bs4096_200epoch_lustre/LPM_b347c04960ae595d/seed_43/checkpoints/epoch-epoch=0065.ckpt
vcpi_0002	Ginkgo VCPI vcpi-0002 (tvc-kdl-010)	43	lpm_paper10_all_data_plus_tahoe_novartis_op3_seed43_molholdout_h100_2x_bs4096_200epoch_lustre	6	0.71609539	Validation RMSE	/ictstr01/groups/ml01/workspace/artur.szalata/code/chem-perturbridge_lpm/.plib_cache/results/lpm_paper10_all_data_plus_tahoe_novartis_op3_seed43_molholdout_h100_2x_bs4096_200epoch_lustre/LPM_b347c04960ae595d/seed_43/checkpoints/epoch-epoch=0006.ckpt
cigs_mce	CIGS MCE	47	lpm_paper10_all_data_plus_tahoe_novartis_op3_seed47_molholdout_h100_2x_bs4096_200epoch_lustre	10	0.61766833	Validation RMSE dataset/CIGS MCE	/ictstr01/groups/ml01/workspace/artur.szalata/code/chem-perturbridge_lpm/.plib_cache/results/lpm_paper10_all_data_plus_tahoe_novartis_op3_seed47_molholdout_h100_2x_bs4096_200epoch_lustre/LPM_b347c04960ae595d/seed_47/checkpoints/epoch-epoch=0010.ckpt
cigs_tcm	CIGS TCM	47	lpm_paper10_all_data_plus_tahoe_novartis_op3_seed47_molholdout_h100_2x_bs4096_200epoch_lustre	6	0.40095800	Validation RMSE dataset/CIGS TCM	/ictstr01/groups/ml01/workspace/artur.szalata/code/chem-perturbridge_lpm/.plib_cache/results/lpm_paper10_all_data_plus_tahoe_novartis_op3_seed47_molholdout_h100_2x_bs4096_200epoch_lustre/LPM_b347c04960ae595d/seed_47/checkpoints/epoch-epoch=0006.ckpt
dilimap_train	dilimap_train	47	lpm_paper10_all_data_plus_tahoe_novartis_op3_seed47_molholdout_h100_2x_bs4096_200epoch_lustre	15	0.71436918	Validation RMSE	/ictstr01/groups/ml01/workspace/artur.szalata/code/chem-perturbridge_lpm/.plib_cache/results/lpm_paper10_all_data_plus_tahoe_novartis_op3_seed47_molholdout_h100_2x_bs4096_200epoch_lustre/LPM_b347c04960ae595d/seed_47/checkpoints/epoch-epoch=0015.ckpt
gdpx2	Ginkgo GDPx2	47	lpm_paper10_all_data_plus_tahoe_novartis_op3_seed47_molholdout_h100_2x_bs4096_200epoch_lustre	55	0.57001668	Validation RMSE dataset/Ginkgo GDPx2	/ictstr01/groups/ml01/workspace/artur.szalata/code/chem-perturbridge_lpm/.plib_cache/results/lpm_paper10_all_data_plus_tahoe_novartis_op3_seed47_molholdout_h100_2x_bs4096_200epoch_lustre/LPM_b347c04960ae595d/seed_47/checkpoints/epoch-epoch=0055.ckpt
lincs_phase1	LINCS_phase1_level3_epsilon	47	lpm_paper10_all_data_plus_tahoe_novartis_op3_seed47_molholdout_h100_2x_bs4096_200epoch_lustre	22	0.61901766	Validation RMSE dataset/LINCS_phase1_level3_epsilon	/ictstr01/groups/ml01/workspace/artur.szalata/code/chem-perturbridge_lpm/.plib_cache/results/lpm_paper10_all_data_plus_tahoe_novartis_op3_seed47_molholdout_h100_2x_bs4096_200epoch_lustre/LPM_b347c04960ae595d/seed_47/checkpoints/epoch-epoch=0022.ckpt
lincs_phase2	LINCS_phase2_level3	47	lpm_paper10_all_data_plus_tahoe_novartis_op3_seed47_molholdout_h100_2x_bs4096_200epoch_lustre	110	0.49363664	Validation RMSE dataset/LINCS_phase2_level3	/ictstr01/groups/ml01/workspace/artur.szalata/code/chem-perturbridge_lpm/.plib_cache/results/lpm_paper10_all_data_plus_tahoe_novartis_op3_seed47_molholdout_h100_2x_bs4096_200epoch_lustre/LPM_b347c04960ae595d/seed_47/checkpoints/epoch-epoch=0110.ckpt
novartis	Novartis MoABox DRUG-seq	47	lpm_paper10_all_data_plus_tahoe_novartis_op3_seed47_molholdout_h100_2x_bs4096_200epoch_lustre	0	0.69005948	Validation RMSE dataset/Novartis MoABox DRUG-seq	/ictstr01/groups/ml01/workspace/artur.szalata/code/chem-perturbridge_lpm/.plib_cache/results/lpm_paper10_all_data_plus_tahoe_novartis_op3_seed47_molholdout_h100_2x_bs4096_200epoch_lustre/LPM_b347c04960ae595d/seed_47/checkpoints/epoch-epoch=0000.ckpt
op3	op3	47	lpm_paper10_all_data_plus_tahoe_novartis_op3_seed47_molholdout_h100_2x_bs4096_200epoch_lustre	20	0.47581482	Validation RMSE dataset/op3	/ictstr01/groups/ml01/workspace/artur.szalata/code/chem-perturbridge_lpm/.plib_cache/results/lpm_paper10_all_data_plus_tahoe_novartis_op3_seed47_molholdout_h100_2x_bs4096_200epoch_lustre/LPM_b347c04960ae595d/seed_47/checkpoints/epoch-epoch=0020.ckpt
sciplex	srivatsan20_sciplex3	47	lpm_paper10_all_data_plus_tahoe_novartis_op3_seed47_molholdout_h100_2x_bs4096_200epoch_lustre	99	0.62039107	Validation RMSE dataset/srivatsan20_sciplex3	/ictstr01/groups/ml01/workspace/artur.szalata/code/chem-perturbridge_lpm/.plib_cache/results/lpm_paper10_all_data_plus_tahoe_novartis_op3_seed47_molholdout_h100_2x_bs4096_200epoch_lustre/LPM_b347c04960ae595d/seed_47/checkpoints/epoch-epoch=0099.ckpt
tahoe100	tahoe100	47	lpm_paper10_all_data_plus_tahoe_novartis_op3_seed47_molholdout_h100_2x_bs4096_200epoch_lustre	15	0.74043685	Validation RMSE dataset/tahoe100	/ictstr01/groups/ml01/workspace/artur.szalata/code/chem-perturbridge_lpm/.plib_cache/results/lpm_paper10_all_data_plus_tahoe_novartis_op3_seed47_molholdout_h100_2x_bs4096_200epoch_lustre/LPM_b347c04960ae595d/seed_47/checkpoints/epoch-epoch=0015.ckpt
vcpi_0001	Ginkgo VCPI vcpi-0001 (tvc-bhr-009)	47	lpm_paper10_all_data_plus_tahoe_novartis_op3_seed47_molholdout_h100_2x_bs4096_200epoch_lustre	159	0.55390978	Validation RMSE dataset/Ginkgo VCPI vcpi-0001 (tvc-bhr-009)	/ictstr01/groups/ml01/workspace/artur.szalata/code/chem-perturbridge_lpm/.plib_cache/results/lpm_paper10_all_data_plus_tahoe_novartis_op3_seed47_molholdout_h100_2x_bs4096_200epoch_lustre/LPM_b347c04960ae595d/seed_47/checkpoints/epoch-epoch=0159.ckpt
vcpi_0002	Ginkgo VCPI vcpi-0002 (tvc-kdl-010)	47	lpm_paper10_all_data_plus_tahoe_novartis_op3_seed47_molholdout_h100_2x_bs4096_200epoch_lustre	15	0.71436918	Validation RMSE	/ictstr01/groups/ml01/workspace/artur.szalata/code/chem-perturbridge_lpm/.plib_cache/results/lpm_paper10_all_data_plus_tahoe_novartis_op3_seed47_molholdout_h100_2x_bs4096_200epoch_lustre/LPM_b347c04960ae595d/seed_47/checkpoints/epoch-epoch=0015.ckpt
