model_family	seed	dataset_slug	dataset	config_id	gpus	source_count	job_id
all_datasets	13	all	all	lpm_paper10_all_data_plus_tahoe_novartis_op3_seed13_molholdout_h100_2x_bs4096_200epoch_lustre	2	167	36730536
scratch_target_only	13	cigs_mce	CIGS MCE	lpm_paper10_scratch_cigs_mce_seed13_molholdout_h100_2x_bs4096_200epoch_lustre	2	2	36730537
scratch_target_only	13	cigs_tcm	CIGS TCM	lpm_paper10_scratch_cigs_tcm_seed13_molholdout_h100_2x_bs4096_200epoch_lustre	2	2	36730538
scratch_target_only	13	dilimap_train	dilimap_train	lpm_paper10_scratch_dilimap_train_seed13_molholdout_h100_1x_bs4096_200epoch_lustre	1	1	36730539
scratch_target_only	13	gdpx2	Ginkgo GDPx2	lpm_paper10_scratch_gdpx2_seed13_molholdout_h100_2x_bs4096_200epoch_lustre	2	4	36730540
scratch_target_only	13	lincs_phase1	LINCS_phase1_level3_epsilon	lpm_paper10_scratch_lincs_phase1_seed13_molholdout_h100_2x_bs4096_200epoch_lustre	2	70	36730541
scratch_target_only	13	lincs_phase2	LINCS_phase2_level3	lpm_paper10_scratch_lincs_phase2_seed13_molholdout_h100_2x_bs4096_200epoch_lustre	2	30	36730542
scratch_target_only	13	novartis	Novartis MoABox DRUG-seq	lpm_paper10_scratch_novartis_seed13_molholdout_h100_1x_bs4096_200epoch_lustre	1	1	36730543
scratch_target_only	13	op3	op3	lpm_paper10_scratch_op3_seed13_molholdout_h100_2x_bs4096_200epoch_lustre	2	4	36730544
scratch_target_only	13	sciplex	srivatsan20_sciplex3	lpm_paper10_scratch_sciplex_seed13_molholdout_h100_2x_bs4096_200epoch_lustre	2	3	36730545
scratch_target_only	13	tahoe100	tahoe100	lpm_paper10_scratch_tahoe100_seed13_molholdout_h100_2x_bs4096_200epoch_lustre	2	48	36730546
scratch_target_only	13	vcpi_0001	Ginkgo VCPI vcpi-0001 (tvc-bhr-009)	lpm_paper10_scratch_vcpi_0001_seed13_molholdout_h100_1x_bs4096_200epoch_lustre	1	1	36730547
scratch_target_only	13	vcpi_0002	Ginkgo VCPI vcpi-0002 (tvc-kdl-010)	lpm_paper10_scratch_vcpi_0002_seed13_molholdout_h100_1x_bs4096_200epoch_lustre	1	1	36730548
all_datasets	17	all	all	lpm_paper10_all_data_plus_tahoe_novartis_op3_seed17_molholdout_h100_2x_bs4096_200epoch_lustre	2	167	36730549
scratch_target_only	17	cigs_mce	CIGS MCE	lpm_paper10_scratch_cigs_mce_seed17_molholdout_h100_2x_bs4096_200epoch_lustre	2	2	36730550
scratch_target_only	17	cigs_tcm	CIGS TCM	lpm_paper10_scratch_cigs_tcm_seed17_molholdout_h100_2x_bs4096_200epoch_lustre	2	2	36730551
scratch_target_only	17	dilimap_train	dilimap_train	lpm_paper10_scratch_dilimap_train_seed17_molholdout_h100_1x_bs4096_200epoch_lustre	1	1	36730552
scratch_target_only	17	gdpx2	Ginkgo GDPx2	lpm_paper10_scratch_gdpx2_seed17_molholdout_h100_2x_bs4096_200epoch_lustre	2	4	36730553
scratch_target_only	17	lincs_phase1	LINCS_phase1_level3_epsilon	lpm_paper10_scratch_lincs_phase1_seed17_molholdout_h100_2x_bs4096_200epoch_lustre	2	70	36730554
scratch_target_only	17	lincs_phase2	LINCS_phase2_level3	lpm_paper10_scratch_lincs_phase2_seed17_molholdout_h100_2x_bs4096_200epoch_lustre	2	30	36730555
scratch_target_only	17	novartis	Novartis MoABox DRUG-seq	lpm_paper10_scratch_novartis_seed17_molholdout_h100_1x_bs4096_200epoch_lustre	1	1	36730556
scratch_target_only	17	op3	op3	lpm_paper10_scratch_op3_seed17_molholdout_h100_2x_bs4096_200epoch_lustre	2	4	36730557
scratch_target_only	17	sciplex	srivatsan20_sciplex3	lpm_paper10_scratch_sciplex_seed17_molholdout_h100_2x_bs4096_200epoch_lustre	2	3	36730558
scratch_target_only	17	tahoe100	tahoe100	lpm_paper10_scratch_tahoe100_seed17_molholdout_h100_2x_bs4096_200epoch_lustre	2	48	36730559
scratch_target_only	17	vcpi_0001	Ginkgo VCPI vcpi-0001 (tvc-bhr-009)	lpm_paper10_scratch_vcpi_0001_seed17_molholdout_h100_1x_bs4096_200epoch_lustre	1	1	36730560
scratch_target_only	17	vcpi_0002	Ginkgo VCPI vcpi-0002 (tvc-kdl-010)	lpm_paper10_scratch_vcpi_0002_seed17_molholdout_h100_1x_bs4096_200epoch_lustre	1	1	36730561
all_datasets	19	all	all	lpm_paper10_all_data_plus_tahoe_novartis_op3_seed19_molholdout_h100_2x_bs4096_200epoch_lustre	2	167	36730563
scratch_target_only	19	cigs_mce	CIGS MCE	lpm_paper10_scratch_cigs_mce_seed19_molholdout_h100_2x_bs4096_200epoch_lustre	2	2	36730564
scratch_target_only	19	cigs_tcm	CIGS TCM	lpm_paper10_scratch_cigs_tcm_seed19_molholdout_h100_2x_bs4096_200epoch_lustre	2	2	36730565
scratch_target_only	19	dilimap_train	dilimap_train	lpm_paper10_scratch_dilimap_train_seed19_molholdout_h100_1x_bs4096_200epoch_lustre	1	1	36730566
scratch_target_only	19	gdpx2	Ginkgo GDPx2	lpm_paper10_scratch_gdpx2_seed19_molholdout_h100_2x_bs4096_200epoch_lustre	2	4	36730567
scratch_target_only	19	lincs_phase1	LINCS_phase1_level3_epsilon	lpm_paper10_scratch_lincs_phase1_seed19_molholdout_h100_2x_bs4096_200epoch_lustre	2	70	36730568
scratch_target_only	19	lincs_phase2	LINCS_phase2_level3	lpm_paper10_scratch_lincs_phase2_seed19_molholdout_h100_2x_bs4096_200epoch_lustre	2	30	36730569
scratch_target_only	19	novartis	Novartis MoABox DRUG-seq	lpm_paper10_scratch_novartis_seed19_molholdout_h100_1x_bs4096_200epoch_lustre	1	1	36730570
scratch_target_only	19	op3	op3	lpm_paper10_scratch_op3_seed19_molholdout_h100_2x_bs4096_200epoch_lustre	2	4	36730571
scratch_target_only	19	sciplex	srivatsan20_sciplex3	lpm_paper10_scratch_sciplex_seed19_molholdout_h100_2x_bs4096_200epoch_lustre	2	3	36730572
scratch_target_only	19	tahoe100	tahoe100	lpm_paper10_scratch_tahoe100_seed19_molholdout_h100_2x_bs4096_200epoch_lustre	2	48	36730573
scratch_target_only	19	vcpi_0001	Ginkgo VCPI vcpi-0001 (tvc-bhr-009)	lpm_paper10_scratch_vcpi_0001_seed19_molholdout_h100_1x_bs4096_200epoch_lustre	1	1	36730574
scratch_target_only	19	vcpi_0002	Ginkgo VCPI vcpi-0002 (tvc-kdl-010)	lpm_paper10_scratch_vcpi_0002_seed19_molholdout_h100_1x_bs4096_200epoch_lustre	1	1	36730575
all_datasets	23	all	all	lpm_paper10_all_data_plus_tahoe_novartis_op3_seed23_molholdout_h100_2x_bs4096_200epoch_lustre	2	167	36730576
scratch_target_only	23	cigs_mce	CIGS MCE	lpm_paper10_scratch_cigs_mce_seed23_molholdout_h100_2x_bs4096_200epoch_lustre	2	2	36730577
scratch_target_only	23	cigs_tcm	CIGS TCM	lpm_paper10_scratch_cigs_tcm_seed23_molholdout_h100_2x_bs4096_200epoch_lustre	2	2	36730578
scratch_target_only	23	dilimap_train	dilimap_train	lpm_paper10_scratch_dilimap_train_seed23_molholdout_h100_1x_bs4096_200epoch_lustre	1	1	36730579
scratch_target_only	23	gdpx2	Ginkgo GDPx2	lpm_paper10_scratch_gdpx2_seed23_molholdout_h100_2x_bs4096_200epoch_lustre	2	4	36730580
scratch_target_only	23	lincs_phase1	LINCS_phase1_level3_epsilon	lpm_paper10_scratch_lincs_phase1_seed23_molholdout_h100_2x_bs4096_200epoch_lustre	2	70	36731154
scratch_target_only	23	lincs_phase2	LINCS_phase2_level3	lpm_paper10_scratch_lincs_phase2_seed23_molholdout_h100_2x_bs4096_200epoch_lustre	2	30	36731192
scratch_target_only	23	novartis	Novartis MoABox DRUG-seq	lpm_paper10_scratch_novartis_seed23_molholdout_h100_1x_bs4096_200epoch_lustre	1	1	36730583
scratch_target_only	23	op3	op3	lpm_paper10_scratch_op3_seed23_molholdout_h100_2x_bs4096_200epoch_lustre	2	4	36731193
scratch_target_only	23	sciplex	srivatsan20_sciplex3	lpm_paper10_scratch_sciplex_seed23_molholdout_h100_2x_bs4096_200epoch_lustre	2	3	36731194
scratch_target_only	23	tahoe100	tahoe100	lpm_paper10_scratch_tahoe100_seed23_molholdout_h100_2x_bs4096_200epoch_lustre	2	48	36731195
scratch_target_only	23	vcpi_0001	Ginkgo VCPI vcpi-0001 (tvc-bhr-009)	lpm_paper10_scratch_vcpi_0001_seed23_molholdout_h100_1x_bs4096_200epoch_lustre	1	1	36730587
scratch_target_only	23	vcpi_0002	Ginkgo VCPI vcpi-0002 (tvc-kdl-010)	lpm_paper10_scratch_vcpi_0002_seed23_molholdout_h100_1x_bs4096_200epoch_lustre	1	1	36730588
all_datasets	29	all	all	lpm_paper10_all_data_plus_tahoe_novartis_op3_seed29_molholdout_h100_2x_bs4096_200epoch_lustre	2	167	36730589
scratch_target_only	29	cigs_mce	CIGS MCE	lpm_paper10_scratch_cigs_mce_seed29_molholdout_h100_2x_bs4096_200epoch_lustre	2	2	36731196
scratch_target_only	29	cigs_tcm	CIGS TCM	lpm_paper10_scratch_cigs_tcm_seed29_molholdout_h100_2x_bs4096_200epoch_lustre	2	2	36731197
scratch_target_only	29	dilimap_train	dilimap_train	lpm_paper10_scratch_dilimap_train_seed29_molholdout_h100_1x_bs4096_200epoch_lustre	1	1	36730592
scratch_target_only	29	gdpx2	Ginkgo GDPx2	lpm_paper10_scratch_gdpx2_seed29_molholdout_h100_2x_bs4096_200epoch_lustre	2	4	36731198
scratch_target_only	29	lincs_phase1	LINCS_phase1_level3_epsilon	lpm_paper10_scratch_lincs_phase1_seed29_molholdout_h100_2x_bs4096_200epoch_lustre	2	70	36731199
scratch_target_only	29	lincs_phase2	LINCS_phase2_level3	lpm_paper10_scratch_lincs_phase2_seed29_molholdout_h100_2x_bs4096_200epoch_lustre	2	30	36731200
scratch_target_only	29	novartis	Novartis MoABox DRUG-seq	lpm_paper10_scratch_novartis_seed29_molholdout_h100_1x_bs4096_200epoch_lustre	1	1	36730596
scratch_target_only	29	op3	op3	lpm_paper10_scratch_op3_seed29_molholdout_h100_2x_bs4096_200epoch_lustre	2	4	36730597
scratch_target_only	29	sciplex	srivatsan20_sciplex3	lpm_paper10_scratch_sciplex_seed29_molholdout_h100_2x_bs4096_200epoch_lustre	2	3	36731201
scratch_target_only	29	tahoe100	tahoe100	lpm_paper10_scratch_tahoe100_seed29_molholdout_h100_2x_bs4096_200epoch_lustre	2	48	36731202
scratch_target_only	29	vcpi_0001	Ginkgo VCPI vcpi-0001 (tvc-bhr-009)	lpm_paper10_scratch_vcpi_0001_seed29_molholdout_h100_1x_bs4096_200epoch_lustre	1	1	36730600
scratch_target_only	29	vcpi_0002	Ginkgo VCPI vcpi-0002 (tvc-kdl-010)	lpm_paper10_scratch_vcpi_0002_seed29_molholdout_h100_1x_bs4096_200epoch_lustre	1	1	36730601
all_datasets	31	all	all	lpm_paper10_all_data_plus_tahoe_novartis_op3_seed31_molholdout_h100_2x_bs4096_200epoch_lustre	2	167	36731152
scratch_target_only	31	cigs_mce	CIGS MCE	lpm_paper10_scratch_cigs_mce_seed31_molholdout_h100_2x_bs4096_200epoch_lustre	2	2	36731203
scratch_target_only	31	cigs_tcm	CIGS TCM	lpm_paper10_scratch_cigs_tcm_seed31_molholdout_h100_2x_bs4096_200epoch_lustre	2	2	36730604
scratch_target_only	31	dilimap_train	dilimap_train	lpm_paper10_scratch_dilimap_train_seed31_molholdout_h100_1x_bs4096_200epoch_lustre	1	1	36730605
scratch_target_only	31	gdpx2	Ginkgo GDPx2	lpm_paper10_scratch_gdpx2_seed31_molholdout_h100_2x_bs4096_200epoch_lustre	2	4	36731204
scratch_target_only	31	lincs_phase1	LINCS_phase1_level3_epsilon	lpm_paper10_scratch_lincs_phase1_seed31_molholdout_h100_2x_bs4096_200epoch_lustre	2	70	36731205
scratch_target_only	31	lincs_phase2	LINCS_phase2_level3	lpm_paper10_scratch_lincs_phase2_seed31_molholdout_h100_2x_bs4096_200epoch_lustre	2	30	36730608
scratch_target_only	31	novartis	Novartis MoABox DRUG-seq	lpm_paper10_scratch_novartis_seed31_molholdout_h100_1x_bs4096_200epoch_lustre	1	1	36730609
scratch_target_only	31	op3	op3	lpm_paper10_scratch_op3_seed31_molholdout_h100_2x_bs4096_200epoch_lustre	2	4	36731206
scratch_target_only	31	sciplex	srivatsan20_sciplex3	lpm_paper10_scratch_sciplex_seed31_molholdout_h100_2x_bs4096_200epoch_lustre	2	3	36731207
scratch_target_only	31	tahoe100	tahoe100	lpm_paper10_scratch_tahoe100_seed31_molholdout_h100_2x_bs4096_200epoch_lustre	2	48	36731208
scratch_target_only	31	vcpi_0001	Ginkgo VCPI vcpi-0001 (tvc-bhr-009)	lpm_paper10_scratch_vcpi_0001_seed31_molholdout_h100_1x_bs4096_200epoch_lustre	1	1	36730613
scratch_target_only	31	vcpi_0002	Ginkgo VCPI vcpi-0002 (tvc-kdl-010)	lpm_paper10_scratch_vcpi_0002_seed31_molholdout_h100_1x_bs4096_200epoch_lustre	1	1	36730614
all_datasets	37	all	all	lpm_paper10_all_data_plus_tahoe_novartis_op3_seed37_molholdout_h100_2x_bs4096_200epoch_lustre	2	167	36731153
scratch_target_only	37	cigs_mce	CIGS MCE	lpm_paper10_scratch_cigs_mce_seed37_molholdout_h100_2x_bs4096_200epoch_lustre	2	2	36731209
scratch_target_only	37	cigs_tcm	CIGS TCM	lpm_paper10_scratch_cigs_tcm_seed37_molholdout_h100_2x_bs4096_200epoch_lustre	2	2	36730617
scratch_target_only	37	dilimap_train	dilimap_train	lpm_paper10_scratch_dilimap_train_seed37_molholdout_h100_1x_bs4096_200epoch_lustre	1	1	36730618
scratch_target_only	37	gdpx2	Ginkgo GDPx2	lpm_paper10_scratch_gdpx2_seed37_molholdout_h100_2x_bs4096_200epoch_lustre	2	4	36731210
scratch_target_only	37	lincs_phase1	LINCS_phase1_level3_epsilon	lpm_paper10_scratch_lincs_phase1_seed37_molholdout_h100_2x_bs4096_200epoch_lustre	2	70	36731211
scratch_target_only	37	lincs_phase2	LINCS_phase2_level3	lpm_paper10_scratch_lincs_phase2_seed37_molholdout_h100_2x_bs4096_200epoch_lustre	2	30	36730621
scratch_target_only	37	novartis	Novartis MoABox DRUG-seq	lpm_paper10_scratch_novartis_seed37_molholdout_h100_1x_bs4096_200epoch_lustre	1	1	36730622
scratch_target_only	37	op3	op3	lpm_paper10_scratch_op3_seed37_molholdout_h100_2x_bs4096_200epoch_lustre	2	4	36731212
scratch_target_only	37	sciplex	srivatsan20_sciplex3	lpm_paper10_scratch_sciplex_seed37_molholdout_h100_2x_bs4096_200epoch_lustre	2	3	36731213
scratch_target_only	37	tahoe100	tahoe100	lpm_paper10_scratch_tahoe100_seed37_molholdout_h100_2x_bs4096_200epoch_lustre	2	48	36731214
scratch_target_only	37	vcpi_0001	Ginkgo VCPI vcpi-0001 (tvc-bhr-009)	lpm_paper10_scratch_vcpi_0001_seed37_molholdout_h100_1x_bs4096_200epoch_lustre	1	1	36730626
scratch_target_only	37	vcpi_0002	Ginkgo VCPI vcpi-0002 (tvc-kdl-010)	lpm_paper10_scratch_vcpi_0002_seed37_molholdout_h100_1x_bs4096_200epoch_lustre	1	1	36730627
all_datasets	41	all	all	lpm_paper10_all_data_plus_tahoe_novartis_op3_seed41_molholdout_h100_2x_bs4096_200epoch_lustre	2	167	36730628
scratch_target_only	41	cigs_mce	CIGS MCE	lpm_paper10_scratch_cigs_mce_seed41_molholdout_h100_2x_bs4096_200epoch_lustre	2	2	36731215
scratch_target_only	41	cigs_tcm	CIGS TCM	lpm_paper10_scratch_cigs_tcm_seed41_molholdout_h100_2x_bs4096_200epoch_lustre	2	2	36731216
scratch_target_only	41	dilimap_train	dilimap_train	lpm_paper10_scratch_dilimap_train_seed41_molholdout_h100_1x_bs4096_200epoch_lustre	1	1	36730631
scratch_target_only	41	gdpx2	Ginkgo GDPx2	lpm_paper10_scratch_gdpx2_seed41_molholdout_h100_2x_bs4096_200epoch_lustre	2	4	36731217
scratch_target_only	41	lincs_phase1	LINCS_phase1_level3_epsilon	lpm_paper10_scratch_lincs_phase1_seed41_molholdout_h100_2x_bs4096_200epoch_lustre	2	70	36731218
scratch_target_only	41	lincs_phase2	LINCS_phase2_level3	lpm_paper10_scratch_lincs_phase2_seed41_molholdout_h100_2x_bs4096_200epoch_lustre	2	30	36730634
scratch_target_only	41	novartis	Novartis MoABox DRUG-seq	lpm_paper10_scratch_novartis_seed41_molholdout_h100_1x_bs4096_200epoch_lustre	1	1	36730635
scratch_target_only	41	op3	op3	lpm_paper10_scratch_op3_seed41_molholdout_h100_2x_bs4096_200epoch_lustre	2	4	36731219
scratch_target_only	41	sciplex	srivatsan20_sciplex3	lpm_paper10_scratch_sciplex_seed41_molholdout_h100_2x_bs4096_200epoch_lustre	2	3	36731220
scratch_target_only	41	tahoe100	tahoe100	lpm_paper10_scratch_tahoe100_seed41_molholdout_h100_2x_bs4096_200epoch_lustre	2	48	36731221
scratch_target_only	41	vcpi_0001	Ginkgo VCPI vcpi-0001 (tvc-bhr-009)	lpm_paper10_scratch_vcpi_0001_seed41_molholdout_h100_1x_bs4096_200epoch_lustre	1	1	36730639
scratch_target_only	41	vcpi_0002	Ginkgo VCPI vcpi-0002 (tvc-kdl-010)	lpm_paper10_scratch_vcpi_0002_seed41_molholdout_h100_1x_bs4096_200epoch_lustre	1	1	36730640
all_datasets	43	all	all	lpm_paper10_all_data_plus_tahoe_novartis_op3_seed43_molholdout_h100_2x_bs4096_200epoch_lustre	2	167	36730641
scratch_target_only	43	cigs_mce	CIGS MCE	lpm_paper10_scratch_cigs_mce_seed43_molholdout_h100_2x_bs4096_200epoch_lustre	2	2	36731222
scratch_target_only	43	cigs_tcm	CIGS TCM	lpm_paper10_scratch_cigs_tcm_seed43_molholdout_h100_2x_bs4096_200epoch_lustre	2	2	36731223
scratch_target_only	43	dilimap_train	dilimap_train	lpm_paper10_scratch_dilimap_train_seed43_molholdout_h100_1x_bs4096_200epoch_lustre	1	1	36730644
scratch_target_only	43	gdpx2	Ginkgo GDPx2	lpm_paper10_scratch_gdpx2_seed43_molholdout_h100_2x_bs4096_200epoch_lustre	2	4	36730645
scratch_target_only	43	lincs_phase1	LINCS_phase1_level3_epsilon	lpm_paper10_scratch_lincs_phase1_seed43_molholdout_h100_2x_bs4096_200epoch_lustre	2	70	36731224
scratch_target_only	43	lincs_phase2	LINCS_phase2_level3	lpm_paper10_scratch_lincs_phase2_seed43_molholdout_h100_2x_bs4096_200epoch_lustre	2	30	36731225
scratch_target_only	43	novartis	Novartis MoABox DRUG-seq	lpm_paper10_scratch_novartis_seed43_molholdout_h100_1x_bs4096_200epoch_lustre	1	1	36730648
scratch_target_only	43	op3	op3	lpm_paper10_scratch_op3_seed43_molholdout_h100_2x_bs4096_200epoch_lustre	2	4	36731226
scratch_target_only	43	sciplex	srivatsan20_sciplex3	lpm_paper10_scratch_sciplex_seed43_molholdout_h100_2x_bs4096_200epoch_lustre	2	3	36731227
scratch_target_only	43	tahoe100	tahoe100	lpm_paper10_scratch_tahoe100_seed43_molholdout_h100_2x_bs4096_200epoch_lustre	2	48	36730651
scratch_target_only	43	vcpi_0001	Ginkgo VCPI vcpi-0001 (tvc-bhr-009)	lpm_paper10_scratch_vcpi_0001_seed43_molholdout_h100_1x_bs4096_200epoch_lustre	1	1	36730652
scratch_target_only	43	vcpi_0002	Ginkgo VCPI vcpi-0002 (tvc-kdl-010)	lpm_paper10_scratch_vcpi_0002_seed43_molholdout_h100_1x_bs4096_200epoch_lustre	1	1	36730653
all_datasets	47	all	all	lpm_paper10_all_data_plus_tahoe_novartis_op3_seed47_molholdout_h100_2x_bs4096_200epoch_lustre	2	167	36731168
scratch_target_only	47	cigs_mce	CIGS MCE	lpm_paper10_scratch_cigs_mce_seed47_molholdout_h100_2x_bs4096_200epoch_lustre	2	2	36731228
scratch_target_only	47	cigs_tcm	CIGS TCM	lpm_paper10_scratch_cigs_tcm_seed47_molholdout_h100_2x_bs4096_200epoch_lustre	2	2	36731229
scratch_target_only	47	dilimap_train	dilimap_train	lpm_paper10_scratch_dilimap_train_seed47_molholdout_h100_1x_bs4096_200epoch_lustre	1	1	36730657
scratch_target_only	47	gdpx2	Ginkgo GDPx2	lpm_paper10_scratch_gdpx2_seed47_molholdout_h100_2x_bs4096_200epoch_lustre	2	4	36731230
scratch_target_only	47	lincs_phase1	LINCS_phase1_level3_epsilon	lpm_paper10_scratch_lincs_phase1_seed47_molholdout_h100_2x_bs4096_200epoch_lustre	2	70	36730659
scratch_target_only	47	lincs_phase2	LINCS_phase2_level3	lpm_paper10_scratch_lincs_phase2_seed47_molholdout_h100_2x_bs4096_200epoch_lustre	2	30	36731231
scratch_target_only	47	novartis	Novartis MoABox DRUG-seq	lpm_paper10_scratch_novartis_seed47_molholdout_h100_1x_bs4096_200epoch_lustre	1	1	36730661
scratch_target_only	47	op3	op3	lpm_paper10_scratch_op3_seed47_molholdout_h100_2x_bs4096_200epoch_lustre	2	4	36731232
scratch_target_only	47	sciplex	srivatsan20_sciplex3	lpm_paper10_scratch_sciplex_seed47_molholdout_h100_2x_bs4096_200epoch_lustre	2	3	36731233
scratch_target_only	47	tahoe100	tahoe100	lpm_paper10_scratch_tahoe100_seed47_molholdout_h100_2x_bs4096_200epoch_lustre	2	48	36731234
scratch_target_only	47	vcpi_0001	Ginkgo VCPI vcpi-0001 (tvc-bhr-009)	lpm_paper10_scratch_vcpi_0001_seed47_molholdout_h100_1x_bs4096_200epoch_lustre	1	1	36730665
scratch_target_only	47	vcpi_0002	Ginkgo VCPI vcpi-0002 (tvc-kdl-010)	lpm_paper10_scratch_vcpi_0002_seed47_molholdout_h100_1x_bs4096_200epoch_lustre	1	1	36730666
